{
  "weights": [
    0.7389486323133195,
    0.9169304704147802,
    0.47086886655137516,
    0.48652872319676266,
    0.5938113737866922,
    0.22077395514117168
  ],
  "bias": -0.26511103586174395,
  "features": [
    "Thallium",
    "Number of vessels fluro",
    "Chest pain type",
    "Exercise angina",
    "Sex",
    "Age"
  ],
  "mu": [
    4.825396825396825,
    0.6666666666666666,
    3.1693121693121693,
    0.3386243386243386,
    0.6825396825396826,
    54.98412698412698
  ],
  "sigma": [
    1.9642817059442832,
    0.9428090415820635,
    0.9555795786441592,
    0.47324189999995553,
    0.46548819995603746,
    8.814055748359989
  ]
}